<!--
Configuration file for Code Red project libdriver

Copyright (c) 2005-2010 Texas Instruments Incorporated.  All rights reserved.
Software License Agreement

Texas Instruments (TI) is supplying this software for use solely and
exclusively on TI's microcontroller products. The software is owned by
TI and/or its suppliers, and is protected under applicable copyright
laws. You may not combine this software with "viral" open-source
software in order to form a larger program.

THIS SOFTWARE IS PROVIDED "AS IS" AND WITH ALL FAULTS.
NO WARRANTIES, WHETHER EXPRESS, IMPLIED OR STATUTORY, INCLUDING, BUT
NOT LIMITED TO, IMPLIED WARRANTIES OF MERCHANTABILITY AND FITNESS FOR
A PARTICULAR PURPOSE APPLY TO THIS SOFTWARE. TI SHALL NOT, UNDER ANY
CIRCUMSTANCES, BE LIABLE FOR SPECIAL, INCIDENTAL, OR CONSEQUENTIAL
DAMAGES, FOR ANY REASON WHATSOEVER.

This is part of revision 6288 of the Stellaris Peripheral Driver Library.
-->

<project chip="LM3S101"
         target="driver"
         type="Static library"
         vendor="LMI">
  <import src=".">
    <exclude>{(Makefile|ccs|codered|ewarm|gcc|rvmdk|sourcerygxx)}</exclude>
    <exclude>{.*\.(ewd|ewp|eww|icf|Opt|sct|sgxx|Uv2|uvopt|uvproj|xml|ld|cmd)}</exclude>
  </import>
  <requires>
    <value>inc</value>
  </requires>
  <setting id="assembler.def">
    <value>codered</value>
  </setting>
  <setting id="compiler.def"
           buildType="Debug"
           mode="replace">
    <value>DEBUG</value>
  </setting>
  <setting id="compiler.def"
           buildType="Release"
           mode="replace">
    <value>NDEBUG</value>
  </setting>
  <setting id="compiler.def">
    <value>__CODE_RED</value>
    <value>codered</value>
    <value>PART_LM3S101</value>
  </setting>
  <setting id="compiler.opt"
           buildType="Debug">
    <value>-Os</value>
  </setting>
  <setting id="compiler.opt"
           buildType="Release">
    <value>-Os</value>
  </setting>
  <setting id="compiler.flags"
           buildType="Debug">
    <value>-Os</value>
  </setting>
  <setting id="compiler.flags"
           buildType="Release">
    <value>-Os</value>
  </setting>
  <setting id="compiler.inc">
    <value>${workspace_loc:/}</value>
  </setting>
</project>
